school,body,sign,why
คม,เกราะ,-1,ใบมีดบิ่นกับของแข็ง
คม,กระดูก,-1,ตัดกระดูกไม่เข้า
คม,หิน,-1,ใบมีดบิ่น
คม,เนื้อ,1,ตัดเนื้อได้ดี
คม,ไม้,1,ฟันไม้/ตัดใย
คม,วิญญาณ,-1,ไม่มีร่างให้ตัด
คม,กลไก,-1,ฟันโลหะไม่เข้า
ทุบ,เกราะ,1,แรงกระแทกทะลุเกราะ
ทุบ,กระดูก,1,กระดูกแตก
ทุบ,หิน,1,หินร้าว
ทุบ,นุ่ม,-1,ของนุ่มดูดซับแรง
ทุบ,ปีก,-1,ตัวเบาเหวี่ยงไม่โดนเต็ม
ทุบ,วิญญาณ,-1,ไม่มีร่างให้กระแทก
ทุบ,กลไก,1,กลไกบุบพัง
แทง,กระดูก,-1,ลอดผ่านช่องกระดูก
แทง,หิน,-1,แทงหินไม่เข้า
แทง,นุ่ม,1,ทะลุถึงแกน
แทง,ปีก,1,ตรึงตัวบิน
แทง,ไม้,-1,ติดในเนื้อไม้
แทง,วิญญาณ,-1,ไม่มีร่างให้แทง
ยิง,เกราะ,-1,กระสุนกระเด้ง
ยิง,หิน,-1,กระสุนกระเด้ง
ยิง,ปีก,1,ยิงตัวบินตก
ยิง,วิญญาณ,-1,ไม่มีร่างให้ยิง
กล,เกราะ,1,ไฟฟ้าวิ่งผ่านโลหะ
กล,หิน,-1,หินเป็นฉนวน
กล,นุ่ม,1,ไฟฟ้าวิ่งผ่านของเหลว
กล,ไม้,-1,ไม้เป็นฉนวน
กล,กลไก,1,ลัดวงจร
มือเปล่า,เกราะ,-1,เจ็บมือ
มือเปล่า,หิน,-1,เจ็บมือ
มือเปล่า,เนื้อ,1,แรงสะเทือนเข้าเนื้อ
มือเปล่า,กลไก,-1,เจ็บมือ
