monster_id,body,note
M01,นุ่ม,สไลม์
M02,เนื้อ,หนู
M03,เกราะ,เปลือกหิน (เดิมแพ้ทุบ ต้านฟัน)
M04,นุ่ม,เห็ด
M05,ปีก,นก
M06,ปีก,ค้างคาว
M07,วิญญาณ,ผีไฟ
M08,กระดูก,โครงกระดูก
M09,ไม้,ตุ๊กตาไม้
M10,ไม้,ใยแมงมุม
M11,เนื้อ,คน
M12,เนื้อ,คน
M13,เนื้อ,คน
M14,เนื้อ,งู
M15,เนื้อ,หมาป่า
M16,เนื้อ,ปลา
M17,กลไก,หุ่นทหาร
M18,กระดูก,ซากไร้หัว
M19,เนื้อ,คน
M20,เกราะ,แมงป่องเหล็ก
M21,วิญญาณ,ผีหญิง
M22,ไม้,ต้นไม้
M23,เกราะ,อัศวินชุดเกราะ
M24,เนื้อ,คน
M25,นุ่ม,หนอนตัวนิ่ม
M26,ปีก,ค้างคาว
M27,วิญญาณ,เงา
M28,เนื้อ,หมาป่า
M29,หิน,โกเลม
M30,วิญญาณ,ผู้เก็บวิญญาณ
M31,เนื้อ,หมี
M32,ปีก,มังกรน้อยบินได้
M33,เนื้อ,หมาป่า
M34,หิน,ยักษ์หิมะ ร่างน้ำแข็งก้อน
M35,เนื้อ,คน
M36,เนื้อ,นักบุญ (คน)
M37,เกราะ,ผู้พิทักษ์ชุดเกราะ
M38,วิญญาณ,เงา
M39,เนื้อ,คน
M40,นุ่ม,ลูกตา
M41,เนื้อ,คน
M42,กระดูก,โครงกระดูกมังกร
M43,เนื้อ,งูยักษ์
M44,ปีก,เทวทูต
M45,วิญญาณ,เงา
B1,เกราะ,หนอนยักษ์เปลือกแข็งแบบหนอนหิน (kwan เลือก 6 ต.ค. 2026 · ไม้เบสบอลผ่านประตูอาวุธ)
B2,เกราะ,อัศวินสนิม
B3,วิญญาณ,คณะเงา
B4,เกราะ,มังกรเกล็ดหนาใต้ดิน
B5,เนื้อ,ผู้ที่นับเหตุการณ์ (ยังไม่มีข้อมูลรูปร่าง)
