weapon_id,existing_id,name,school,tier,weapon_base,steer
SL-1,W11,มีดทำครัว,คม,1,14,เขี้ยว
SL-2,,มีดอีโต้พันเทป,คม,2,,
SL-3,,มีดพร้าใบเลื่อย,คม,3,,
SL-4,,ใบพัดพัดลมคมกริบ,คม,4,,กวาด
SL-5,,มีดเชฟแห่งเตาสุดท้าย,คม,5,,ลื่นไหล
PC-1,,ดินสอ,แทง,1,,จังหวะ
PC-2,,ดินสอตะปูพันเทป,แทง,2,,
PC-3,,ดินสอกดหัวเหล็ก,แทง,3,,ระยะ
PC-4,,ปากกาหมึกซึมทหาร,แทง,4,,เจาะ
PC-5,,ปากกาผู้นับเหตุการณ์,แทง,5,,
CR-1,,ไม้เบสบอลไม้ร้าว,ทุบ,1,,สั่นสะเทือน
CR-2,W23,ไม้เบสบอลอลูมิเนียม,ทุบ,2,28,
CR-3,,ไม้เบสบอลตอกตะปู,ทุบ,3,,ทลาย
CR-4,,ไม้เบสบอลหัวเฟือง,ทุบ,4,,ถ่วง
CR-5,,ไม้ตีโฮมรันครั้งสุดท้าย,ทุบ,5,,
ST-1,,หนังสติ๊กกิ่งไม้,ยิง,1,,กระจาย
ST-2,,หนังสติ๊กยางในรถ,ยิง,2,,
ST-3,,หนังสติ๊กข้อมือ,ยิง,3,,แม่นยำ
ST-4,,หน้าไม้ร่มหัก,ยิง,4,,ตั้งท่า
ST-5,,หนังสติ๊กดาวตก,ยิง,5,,
DV-1,,ที่เย็บกระดาษ,กล,1,,สนับสนุน
DV-2,,แม็กยิงบอร์ด,กล,2,,
DV-3,,ปืนยิงตะปูลม,กล,3,,อัตโนมัติ
DV-4,,เครื่องเย็บเล่มสนาม,กล,4,,รบกวน
DV-5,,แม็กผนึกกาลเวลา,กล,5,,
BD-1,,ถุงมือผ้าทำสวน,มือเปล่า,1,,เร็ว
BD-2,,ถุงมือหนังเย็บน็อต,มือเปล่า,2,,ต่อเนื่อง
BD-3,,สนับมือกุญแจรถ,มือเปล่า,3,,
BD-4,,ถุงมือสปริงประตู,มือเปล่า,4,,ประสาน
BD-5,,ถุงมือของคนที่ไม่ยอมแพ้,มือเปล่า,5,,
